<?xml version="1.0" encoding="UTF-8"?>
<!DOCTYPE plist PUBLIC "-//Apple//DTD PLIST 1.0//EN" "http://www.apple.com/DTDs/PropertyList-1.0.dtd">
<plist version="1.0">
<dict>
	<key>files</key>
	<dict>
		<key>AntDesign.ttf</key>
		<data>
		TneGhDkoD7Q01Gl8e5EScUBsgfM=
		</data>
		<key>AppIcon20x20@2x.png</key>
		<data>
		wDvL3Kn89LUQnnu/p5ZaTuWVI4g=
		</data>
		<key>AppIcon20x20@2x~ipad.png</key>
		<data>
		wDvL3Kn89LUQnnu/p5ZaTuWVI4g=
		</data>
		<key>AppIcon20x20@3x.png</key>
		<data>
		yooxUVMpVsINiD/6ZBSsmt87nec=
		</data>
		<key>AppIcon20x20~ipad.png</key>
		<data>
		//tKwEwZiJUgVDrhU8At9ZeMHOI=
		</data>
		<key>AppIcon29x29.png</key>
		<data>
		EYIqIE0KDbHGKXIGn7spAjhfZps=
		</data>
		<key>AppIcon29x29@2x.png</key>
		<data>
		LtkchB1kB68PmookPjTfsepR8pM=
		</data>
		<key>AppIcon29x29@2x~ipad.png</key>
		<data>
		LtkchB1kB68PmookPjTfsepR8pM=
		</data>
		<key>AppIcon29x29@3x.png</key>
		<data>
		3MrwSk/Hw1IppORb98oWiRdZvac=
		</data>
		<key>AppIcon29x29~ipad.png</key>
		<data>
		EYIqIE0KDbHGKXIGn7spAjhfZps=
		</data>
		<key>AppIcon40x40@2x.png</key>
		<data>
		SK1aMI/kF1z07isXi/wVEEbkxAw=
		</data>
		<key>AppIcon40x40@2x~ipad.png</key>
		<data>
		SK1aMI/kF1z07isXi/wVEEbkxAw=
		</data>
		<key>AppIcon40x40@3x.png</key>
		<data>
		p5V0tPLLiTp8rRGrSfBFh7wMEUY=
		</data>
		<key>AppIcon40x40~ipad.png</key>
		<data>
		wDvL3Kn89LUQnnu/p5ZaTuWVI4g=
		</data>
		<key>AppIcon50x50@2x~ipad.png</key>
		<data>
		S9kY7PwOj28Dwev+aaVNAnPsA3E=
		</data>
		<key>AppIcon50x50~ipad.png</key>
		<data>
		Z1A1pCnjlHEKPuYg5WppoyyiF6k=
		</data>
		<key>AppIcon57x57.png</key>
		<data>
		8xuHLQBM9g2x7ZOxHL0VSyrIkxg=
		</data>
		<key>AppIcon57x57@2x.png</key>
		<data>
		aygRzKLko7HVFZV8hWmzRXAIwKA=
		</data>
		<key>AppIcon60x60@2x.png</key>
		<data>
		p5V0tPLLiTp8rRGrSfBFh7wMEUY=
		</data>
		<key>AppIcon60x60@3x.png</key>
		<data>
		PJMzYkMqmIaHOE3jWxH2xqOGeVs=
		</data>
		<key>AppIcon72x72@2x~ipad.png</key>
		<data>
		3VsT7Jusj3nu9/KYwUdZDnK58Nw=
		</data>
		<key>AppIcon72x72~ipad.png</key>
		<data>
		ztb35P1MZW9clvGtvISbb49yNWQ=
		</data>
		<key>AppIcon76x76@2x~ipad.png</key>
		<data>
		92hQnVF9YsogtdTUqdWglqrPxck=
		</data>
		<key>AppIcon76x76~ipad.png</key>
		<data>
		0sorTRcs5ASRuDEgi08GG6JgmgQ=
		</data>
		<key>AppIcon83.5x83.5@2x~ipad.png</key>
		<data>
		9KTSGAtWC19jkG1k1W1Q6AIwC7s=
		</data>
		<key>Assets.car</key>
		<data>
		KFdnWDU9bqf2bFpoLciOITenT5E=
		</data>
		<key>Base.lproj/LaunchScreen.nib/objects-13.0+.nib</key>
		<data>
		wrfKQgiDLmXIMGSdX15t+w9D9XI=
		</data>
		<key>Base.lproj/LaunchScreen.nib/runtime.nib</key>
		<data>
		7nGj0ws9GZV5FqiiPRGDRBSu+kM=
		</data>
		<key>Entypo.ttf</key>
		<data>
		R4cKZ91Qhxdl95nKqX2ochnuR8U=
		</data>
		<key>EvilIcons.ttf</key>
		<data>
		kdN36jz0dJCyVsLtCBcEp9q9rgw=
		</data>
		<key>Feather.ttf</key>
		<data>
		PrIrzr9ebr1AiD5LkhMjKMXWvkI=
		</data>
		<key>FontAwesome.ttf</key>
		<data>
		E7HqtlqYPHpzvHmXxHnWaUP3xss=
		</data>
		<key>FontAwesome5_Brands.ttf</key>
		<data>
		abc988iZKpOFkkYGWiZ6Bb/Yz1Y=
		</data>
		<key>FontAwesome5_Regular.ttf</key>
		<data>
		lwZFPD6ptz58CLO+HnxxbWVc+RY=
		</data>
		<key>FontAwesome5_Solid.ttf</key>
		<data>
		P3YEFmOPZFmt5yUbgP17wn1q0cY=
		</data>
		<key>Fontisto.ttf</key>
		<data>
		wJCj7Jaj8bubYVwvPyBM4Nzc28M=
		</data>
		<key>Foundation.ttf</key>
		<data>
		SyvObHkkk6SlcWtv7C2+/olJLD8=
		</data>
		<key>GoogleService-Info.plist</key>
		<data>
		7rPgrSE72WHxruSmxL4I+DKa1DA=
		</data>
		<key>Info.plist</key>
		<data>
		Gq7Og0jhXK11WOyfhdd0oPujk/I=
		</data>
		<key>Ionicons.ttf</key>
		<data>
		mRu3+slwnNWNo3kBdw79RwPFQu0=
		</data>
		<key>MaterialCommunityIcons.ttf</key>
		<data>
		9G+WBPkJGz6eeDUmlnNpZ2Lh6Hw=
		</data>
		<key>MaterialIcons.ttf</key>
		<data>
		/AXeMSNOAJD33cKM4bI69AJssdo=
		</data>
		<key>Octicons.ttf</key>
		<data>
		KIdYdEE1A7zAgQ6ipE3BuDEsZlo=
		</data>
		<key>PkgInfo</key>
		<data>
		n57qDP4tZfLD1rCS43W0B4LQjzE=
		</data>
		<key>ProximaNova-Black.otf</key>
		<data>
		JQDsAZIBvmr9krCc8yQ6G/zpOek=
		</data>
		<key>ProximaNova-Bold.otf</key>
		<data>
		RHjXfpnene2l5CcxFkXxOPv+Pts=
		</data>
		<key>ProximaNova-BoldIt.otf</key>
		<data>
		YJfu1CSjiPSs5x1IyyuR8GBjkgI=
		</data>
		<key>ProximaNova-Extrabld.otf</key>
		<data>
		UUJhM5UArwi5qBcb12XrkaV7qh8=
		</data>
		<key>ProximaNova-Light.otf</key>
		<data>
		BbnYv1kekYL6JDRjaHl/Wl/zQd8=
		</data>
		<key>ProximaNova-LightIt.otf</key>
		<data>
		J0qnNFmKyRBs2jBP/iHkonnU+AU=
		</data>
		<key>ProximaNova-Regular.otf</key>
		<data>
		5BpeUj8DvoubkAJCKlLk6HQcpGI=
		</data>
		<key>ProximaNova-RegularIt.otf</key>
		<data>
		vYqF/jTNWrZxI/GyuTNkjur6/Z8=
		</data>
		<key>ProximaNova-Semibold.otf</key>
		<data>
		H77QcRgNNg8B54Zyr/7qagolb7w=
		</data>
		<key>ProximaNova-SemiboldIt.otf</key>
		<data>
		A4zkV4apubqdXSiXyVZUpkFfX+Q=
		</data>
		<key>ProximaNovaAltRegular-webfont.ttf</key>
		<data>
		//bjGVvKkPQ2MOp3mrfSEve4K+g=
		</data>
		<key>ProximaNovaCond-Light.otf</key>
		<data>
		vEqq+vX1JFnNO5ItO2ZZr3K8qh0=
		</data>
		<key>ProximaNovaCond-LightIt.otf</key>
		<data>
		deaIaGqYyXvv0zbjvWgrTVE9mB4=
		</data>
		<key>ProximaNovaCond-Regular.otf</key>
		<data>
		t57Fwy+9nwFbztUObN8py4oROdE=
		</data>
		<key>ProximaNovaCond-RegularIt.otf</key>
		<data>
		SXy2/WoTM/cvbpaQe/6148YNuYI=
		</data>
		<key>ProximaNovaCond-Semibold.otf</key>
		<data>
		IakwdifBsq5KKWExB7V1jPO6tg8=
		</data>
		<key>ProximaNovaCond-SemiboldIt.otf</key>
		<data>
		FHo/UT7dyJLkvYBH09K2zNqSffw=
		</data>
		<key>SimpleLineIcons.ttf</key>
		<data>
		n/uBpaEREuKS8swyPphIa61ZdZk=
		</data>
		<key>Zocial.ttf</key>
		<data>
		C9pZx7zT05J94EfgkYdaRCi/0as=
		</data>
		<key>main.jsbundle</key>
		<data>
		3FRCFvjoji6PZJ8MLOi47VekChg=
		</data>
	</dict>
	<key>files2</key>
	<dict>
		<key>AntDesign.ttf</key>
		<dict>
			<key>hash</key>
			<data>
			TneGhDkoD7Q01Gl8e5EScUBsgfM=
			</data>
			<key>hash2</key>
			<data>
			eVXKFBJ7MEEsEU6xPP1wK12rJl/rGIDRaV1zyqgkzeE=
			</data>
		</dict>
		<key>AppIcon20x20@2x.png</key>
		<dict>
			<key>hash</key>
			<data>
			wDvL3Kn89LUQnnu/p5ZaTuWVI4g=
			</data>
			<key>hash2</key>
			<data>
			2N0r3daZHL+6TU1/LZl++Di1NbtJ+srSG6sio136yg4=
			</data>
		</dict>
		<key>AppIcon20x20@2x~ipad.png</key>
		<dict>
			<key>hash</key>
			<data>
			wDvL3Kn89LUQnnu/p5ZaTuWVI4g=
			</data>
			<key>hash2</key>
			<data>
			2N0r3daZHL+6TU1/LZl++Di1NbtJ+srSG6sio136yg4=
			</data>
		</dict>
		<key>AppIcon20x20@3x.png</key>
		<dict>
			<key>hash</key>
			<data>
			yooxUVMpVsINiD/6ZBSsmt87nec=
			</data>
			<key>hash2</key>
			<data>
			LO45uzwyeNZSwdd4MeLPzRn4SqAzvAXicW+BR79ji+k=
			</data>
		</dict>
		<key>AppIcon20x20~ipad.png</key>
		<dict>
			<key>hash</key>
			<data>
			//tKwEwZiJUgVDrhU8At9ZeMHOI=
			</data>
			<key>hash2</key>
			<data>
			nO9O3+njD2Y4UKotMNeoeSK/JRZl9CDcTifS0DHp7bg=
			</data>
		</dict>
		<key>AppIcon29x29.png</key>
		<dict>
			<key>hash</key>
			<data>
			EYIqIE0KDbHGKXIGn7spAjhfZps=
			</data>
			<key>hash2</key>
			<data>
			s2cBoPWYdd48giumH70QbDKQs1LCw2WvqMBEFEPuqrY=
			</data>
		</dict>
		<key>AppIcon29x29@2x.png</key>
		<dict>
			<key>hash</key>
			<data>
			LtkchB1kB68PmookPjTfsepR8pM=
			</data>
			<key>hash2</key>
			<data>
			2LHLSZa3w4PVJM14drHczK/XAUJnBYmZdkm+Dr6qyoY=
			</data>
		</dict>
		<key>AppIcon29x29@2x~ipad.png</key>
		<dict>
			<key>hash</key>
			<data>
			LtkchB1kB68PmookPjTfsepR8pM=
			</data>
			<key>hash2</key>
			<data>
			2LHLSZa3w4PVJM14drHczK/XAUJnBYmZdkm+Dr6qyoY=
			</data>
		</dict>
		<key>AppIcon29x29@3x.png</key>
		<dict>
			<key>hash</key>
			<data>
			3MrwSk/Hw1IppORb98oWiRdZvac=
			</data>
			<key>hash2</key>
			<data>
			RjlaXSaGSOe9pEZa/6QwgdvdKm3sF1iAUDqH11GQ7r4=
			</data>
		</dict>
		<key>AppIcon29x29~ipad.png</key>
		<dict>
			<key>hash</key>
			<data>
			EYIqIE0KDbHGKXIGn7spAjhfZps=
			</data>
			<key>hash2</key>
			<data>
			s2cBoPWYdd48giumH70QbDKQs1LCw2WvqMBEFEPuqrY=
			</data>
		</dict>
		<key>AppIcon40x40@2x.png</key>
		<dict>
			<key>hash</key>
			<data>
			SK1aMI/kF1z07isXi/wVEEbkxAw=
			</data>
			<key>hash2</key>
			<data>
			uFLDHIicoWTDB9yrvVeT47TGN1S0MUHhSmyzCq6h5r8=
			</data>
		</dict>
		<key>AppIcon40x40@2x~ipad.png</key>
		<dict>
			<key>hash</key>
			<data>
			SK1aMI/kF1z07isXi/wVEEbkxAw=
			</data>
			<key>hash2</key>
			<data>
			uFLDHIicoWTDB9yrvVeT47TGN1S0MUHhSmyzCq6h5r8=
			</data>
		</dict>
		<key>AppIcon40x40@3x.png</key>
		<dict>
			<key>hash</key>
			<data>
			p5V0tPLLiTp8rRGrSfBFh7wMEUY=
			</data>
			<key>hash2</key>
			<data>
			yFNrgN+tjTVRya+p7GlX9+e6DTLZk321qSaTe5aV+3Y=
			</data>
		</dict>
		<key>AppIcon40x40~ipad.png</key>
		<dict>
			<key>hash</key>
			<data>
			wDvL3Kn89LUQnnu/p5ZaTuWVI4g=
			</data>
			<key>hash2</key>
			<data>
			2N0r3daZHL+6TU1/LZl++Di1NbtJ+srSG6sio136yg4=
			</data>
		</dict>
		<key>AppIcon50x50@2x~ipad.png</key>
		<dict>
			<key>hash</key>
			<data>
			S9kY7PwOj28Dwev+aaVNAnPsA3E=
			</data>
			<key>hash2</key>
			<data>
			ppTZoxwlhfBmmPMYzwBLUJR2QhszSHIhbNnHfOfmkLA=
			</data>
		</dict>
		<key>AppIcon50x50~ipad.png</key>
		<dict>
			<key>hash</key>
			<data>
			Z1A1pCnjlHEKPuYg5WppoyyiF6k=
			</data>
			<key>hash2</key>
			<data>
			0Tqt0bIq+ekMLzAhbTSySOJLIwhZRFo0UaC2zPj4EfE=
			</data>
		</dict>
		<key>AppIcon57x57.png</key>
		<dict>
			<key>hash</key>
			<data>
			8xuHLQBM9g2x7ZOxHL0VSyrIkxg=
			</data>
			<key>hash2</key>
			<data>
			+xDpmDx362dy7PfNncfE1qWJdaPgS5MLYHD92PdOowg=
			</data>
		</dict>
		<key>AppIcon57x57@2x.png</key>
		<dict>
			<key>hash</key>
			<data>
			aygRzKLko7HVFZV8hWmzRXAIwKA=
			</data>
			<key>hash2</key>
			<data>
			PNsEe12gC41Lz68IZmLP6se35m5vvn81I9vCHWXup5c=
			</data>
		</dict>
		<key>AppIcon60x60@2x.png</key>
		<dict>
			<key>hash</key>
			<data>
			p5V0tPLLiTp8rRGrSfBFh7wMEUY=
			</data>
			<key>hash2</key>
			<data>
			yFNrgN+tjTVRya+p7GlX9+e6DTLZk321qSaTe5aV+3Y=
			</data>
		</dict>
		<key>AppIcon60x60@3x.png</key>
		<dict>
			<key>hash</key>
			<data>
			PJMzYkMqmIaHOE3jWxH2xqOGeVs=
			</data>
			<key>hash2</key>
			<data>
			A0O8JChZTPzwfsWx0arw6ZqcRxSVd9kgNlIL92qqKNQ=
			</data>
		</dict>
		<key>AppIcon72x72@2x~ipad.png</key>
		<dict>
			<key>hash</key>
			<data>
			3VsT7Jusj3nu9/KYwUdZDnK58Nw=
			</data>
			<key>hash2</key>
			<data>
			m5Xa7XcYPqbtd5IFct9AfojfE3ruDoogSrkuT6b9+gQ=
			</data>
		</dict>
		<key>AppIcon72x72~ipad.png</key>
		<dict>
			<key>hash</key>
			<data>
			ztb35P1MZW9clvGtvISbb49yNWQ=
			</data>
			<key>hash2</key>
			<data>
			38nNRRZIcOrMITa/2Irkaz+I3WlKgf1kzc6MCR/N5iE=
			</data>
		</dict>
		<key>AppIcon76x76@2x~ipad.png</key>
		<dict>
			<key>hash</key>
			<data>
			92hQnVF9YsogtdTUqdWglqrPxck=
			</data>
			<key>hash2</key>
			<data>
			U8AA5ZhYLEmO9FoqC3hu/42cyw7U5O+RNNINq4f81Ps=
			</data>
		</dict>
		<key>AppIcon76x76~ipad.png</key>
		<dict>
			<key>hash</key>
			<data>
			0sorTRcs5ASRuDEgi08GG6JgmgQ=
			</data>
			<key>hash2</key>
			<data>
			ttxbZz3uiZCZQ1lVqxquJ1llAXqyk2j+dUfavIxLMVs=
			</data>
		</dict>
		<key>AppIcon83.5x83.5@2x~ipad.png</key>
		<dict>
			<key>hash</key>
			<data>
			9KTSGAtWC19jkG1k1W1Q6AIwC7s=
			</data>
			<key>hash2</key>
			<data>
			pMa2yvZtRjfwYnnBMZsk+tPlNknSMhJXuHBHGo0RwVQ=
			</data>
		</dict>
		<key>Assets.car</key>
		<dict>
			<key>hash</key>
			<data>
			KFdnWDU9bqf2bFpoLciOITenT5E=
			</data>
			<key>hash2</key>
			<data>
			Q+Ym8BR8Tcr8zKzfSYkHGpN0ZygCd06Brv4PJ4019X4=
			</data>
		</dict>
		<key>Base.lproj/LaunchScreen.nib/objects-13.0+.nib</key>
		<dict>
			<key>hash</key>
			<data>
			wrfKQgiDLmXIMGSdX15t+w9D9XI=
			</data>
			<key>hash2</key>
			<data>
			0OlTUi1O3XvGJBluv7O6tiPB10q2IOxhp7K3YvdD//Q=
			</data>
		</dict>
		<key>Base.lproj/LaunchScreen.nib/runtime.nib</key>
		<dict>
			<key>hash</key>
			<data>
			7nGj0ws9GZV5FqiiPRGDRBSu+kM=
			</data>
			<key>hash2</key>
			<data>
			WuVjm3xvVHpktygRWxZq6KbZyxMGJsDCyKjO+7WAJi4=
			</data>
		</dict>
		<key>Entypo.ttf</key>
		<dict>
			<key>hash</key>
			<data>
			R4cKZ91Qhxdl95nKqX2ochnuR8U=
			</data>
			<key>hash2</key>
			<data>
			3QhJoVkfiNp5N7I/kiQYpc7FTgdeCePMyo/rYgFvqoI=
			</data>
		</dict>
		<key>EvilIcons.ttf</key>
		<dict>
			<key>hash</key>
			<data>
			kdN36jz0dJCyVsLtCBcEp9q9rgw=
			</data>
			<key>hash2</key>
			<data>
			pcrrTTlcXjLx1aMKyzgq68Zk8brf0UkxmQfyIV5OPiY=
			</data>
		</dict>
		<key>Feather.ttf</key>
		<dict>
			<key>hash</key>
			<data>
			PrIrzr9ebr1AiD5LkhMjKMXWvkI=
			</data>
			<key>hash2</key>
			<data>
			nRKAiLj3fyyRdNATa3y4YZ8IhSWcv3KpiFbLxsaZXzg=
			</data>
		</dict>
		<key>FontAwesome.ttf</key>
		<dict>
			<key>hash</key>
			<data>
			E7HqtlqYPHpzvHmXxHnWaUP3xss=
			</data>
			<key>hash2</key>
			<data>
			qljzPyOaD7AvXHpsRcBD16msmgkzNYBmlOzW1O3A1qg=
			</data>
		</dict>
		<key>FontAwesome5_Brands.ttf</key>
		<dict>
			<key>hash</key>
			<data>
			abc988iZKpOFkkYGWiZ6Bb/Yz1Y=
			</data>
			<key>hash2</key>
			<data>
			NSPzVRWd/5tqRoE4vIyPzdWSGMAXP+6lG+TYw0iNyhA=
			</data>
		</dict>
		<key>FontAwesome5_Regular.ttf</key>
		<dict>
			<key>hash</key>
			<data>
			lwZFPD6ptz58CLO+HnxxbWVc+RY=
			</data>
			<key>hash2</key>
			<data>
			dHHOyKGia7DwFCbUgQeGkTt3cHnS+WaoU/X5dvIusqo=
			</data>
		</dict>
		<key>FontAwesome5_Solid.ttf</key>
		<dict>
			<key>hash</key>
			<data>
			P3YEFmOPZFmt5yUbgP17wn1q0cY=
			</data>
			<key>hash2</key>
			<data>
			lHqsFqptKzsKT6IOILje+kYC6bQvj9n6KxlTi0xajqk=
			</data>
		</dict>
		<key>Fontisto.ttf</key>
		<dict>
			<key>hash</key>
			<data>
			wJCj7Jaj8bubYVwvPyBM4Nzc28M=
			</data>
			<key>hash2</key>
			<data>
			lNq58dWxPqB2nRJKLaDQJDPzuZ1t6loHwERqdxWBAMA=
			</data>
		</dict>
		<key>Foundation.ttf</key>
		<dict>
			<key>hash</key>
			<data>
			SyvObHkkk6SlcWtv7C2+/olJLD8=
			</data>
			<key>hash2</key>
			<data>
			fh3QPdTOkLZYBSVUzXRZ3xZxZxc4mlUvpMbVal+JM+Y=
			</data>
		</dict>
		<key>GoogleService-Info.plist</key>
		<dict>
			<key>hash</key>
			<data>
			7rPgrSE72WHxruSmxL4I+DKa1DA=
			</data>
			<key>hash2</key>
			<data>
			VIqT5QCkXYQhvjzftWQbdKTlJBreDq2ddeZi7aOrurY=
			</data>
		</dict>
		<key>Ionicons.ttf</key>
		<dict>
			<key>hash</key>
			<data>
			mRu3+slwnNWNo3kBdw79RwPFQu0=
			</data>
			<key>hash2</key>
			<data>
			INFzvLYFHQlzvgymqi+08npbKQ2AEGyyxWfI/cdyxxE=
			</data>
		</dict>
		<key>MaterialCommunityIcons.ttf</key>
		<dict>
			<key>hash</key>
			<data>
			9G+WBPkJGz6eeDUmlnNpZ2Lh6Hw=
			</data>
			<key>hash2</key>
			<data>
			vEyn5uskUqB2CZMyWblwAKWfMw2Qo010U5Uqyo4GkhA=
			</data>
		</dict>
		<key>MaterialIcons.ttf</key>
		<dict>
			<key>hash</key>
			<data>
			/AXeMSNOAJD33cKM4bI69AJssdo=
			</data>
			<key>hash2</key>
			<data>
			t/Sjq1YgSPKN0fppFgG8QzY6YdD4dtFtgxbFLk8y1pY=
			</data>
		</dict>
		<key>Octicons.ttf</key>
		<dict>
			<key>hash</key>
			<data>
			KIdYdEE1A7zAgQ6ipE3BuDEsZlo=
			</data>
			<key>hash2</key>
			<data>
			ua3cE7d8ZyDNSM0Y8PSoyuWJsbkQNjDCSd5gq3Lf1r4=
			</data>
		</dict>
		<key>ProximaNova-Black.otf</key>
		<dict>
			<key>hash</key>
			<data>
			JQDsAZIBvmr9krCc8yQ6G/zpOek=
			</data>
			<key>hash2</key>
			<data>
			d6/hU5nQI0VhZeh6CHUgrzz8sHI57HRxGRuePQHwCDI=
			</data>
		</dict>
		<key>ProximaNova-Bold.otf</key>
		<dict>
			<key>hash</key>
			<data>
			RHjXfpnene2l5CcxFkXxOPv+Pts=
			</data>
			<key>hash2</key>
			<data>
			uegaR67NPQVEWud19I0Is95GsgOfHSKaWKh74ZTjJ+w=
			</data>
		</dict>
		<key>ProximaNova-BoldIt.otf</key>
		<dict>
			<key>hash</key>
			<data>
			YJfu1CSjiPSs5x1IyyuR8GBjkgI=
			</data>
			<key>hash2</key>
			<data>
			oppjIW1hKxxWf5o9TNtAQ1Vao3qz0y/zw0kLhdtJKQ8=
			</data>
		</dict>
		<key>ProximaNova-Extrabld.otf</key>
		<dict>
			<key>hash</key>
			<data>
			UUJhM5UArwi5qBcb12XrkaV7qh8=
			</data>
			<key>hash2</key>
			<data>
			pvP7RGJtIz1pIOSD90xUmqjlF7HQM1GQdzhMHiQ+Bp4=
			</data>
		</dict>
		<key>ProximaNova-Light.otf</key>
		<dict>
			<key>hash</key>
			<data>
			BbnYv1kekYL6JDRjaHl/Wl/zQd8=
			</data>
			<key>hash2</key>
			<data>
			D3dmDgal9hpFxNvatRFyI1fPKef1uhss8JdVCv2w7SA=
			</data>
		</dict>
		<key>ProximaNova-LightIt.otf</key>
		<dict>
			<key>hash</key>
			<data>
			J0qnNFmKyRBs2jBP/iHkonnU+AU=
			</data>
			<key>hash2</key>
			<data>
			la23wR4S5UXkMEkcjnmzWrsXhlMuMtp8ZxYP7uzoWLk=
			</data>
		</dict>
		<key>ProximaNova-Regular.otf</key>
		<dict>
			<key>hash</key>
			<data>
			5BpeUj8DvoubkAJCKlLk6HQcpGI=
			</data>
			<key>hash2</key>
			<data>
			K4D75SHgfk6E61LnB7Nkw+bAXFfkgydtxLO+k6l5S6k=
			</data>
		</dict>
		<key>ProximaNova-RegularIt.otf</key>
		<dict>
			<key>hash</key>
			<data>
			vYqF/jTNWrZxI/GyuTNkjur6/Z8=
			</data>
			<key>hash2</key>
			<data>
			s/R94VlUBXe6GmHilaETiSleuaJN1JWgVYC1fQ+Pk6k=
			</data>
		</dict>
		<key>ProximaNova-Semibold.otf</key>
		<dict>
			<key>hash</key>
			<data>
			H77QcRgNNg8B54Zyr/7qagolb7w=
			</data>
			<key>hash2</key>
			<data>
			nn/y8nn4xJfWh9EkjRfnqMGXhNlFaYxLyPkWj+njUcs=
			</data>
		</dict>
		<key>ProximaNova-SemiboldIt.otf</key>
		<dict>
			<key>hash</key>
			<data>
			A4zkV4apubqdXSiXyVZUpkFfX+Q=
			</data>
			<key>hash2</key>
			<data>
			x9NRDqnvKwGSD9jC4foX/0xaq6/stzzitDvcWw3CA+s=
			</data>
		</dict>
		<key>ProximaNovaAltRegular-webfont.ttf</key>
		<dict>
			<key>hash</key>
			<data>
			//bjGVvKkPQ2MOp3mrfSEve4K+g=
			</data>
			<key>hash2</key>
			<data>
			llvknrERlFiwQlpagKSkaagP3zv72D19moecmK5OaOk=
			</data>
		</dict>
		<key>ProximaNovaCond-Light.otf</key>
		<dict>
			<key>hash</key>
			<data>
			vEqq+vX1JFnNO5ItO2ZZr3K8qh0=
			</data>
			<key>hash2</key>
			<data>
			Su+s0yuCY4e17PCcmNWtap/85Wlw55lxpMNZ03D0hMQ=
			</data>
		</dict>
		<key>ProximaNovaCond-LightIt.otf</key>
		<dict>
			<key>hash</key>
			<data>
			deaIaGqYyXvv0zbjvWgrTVE9mB4=
			</data>
			<key>hash2</key>
			<data>
			Qz4uJ+5jpQb7oAK7xSFAxl8B4Yez+qBrL8BSaqr99DI=
			</data>
		</dict>
		<key>ProximaNovaCond-Regular.otf</key>
		<dict>
			<key>hash</key>
			<data>
			t57Fwy+9nwFbztUObN8py4oROdE=
			</data>
			<key>hash2</key>
			<data>
			Xg/BElctkqFPsXtDbB5gMNC6E1wJR+kQfgwLXl36cs4=
			</data>
		</dict>
		<key>ProximaNovaCond-RegularIt.otf</key>
		<dict>
			<key>hash</key>
			<data>
			SXy2/WoTM/cvbpaQe/6148YNuYI=
			</data>
			<key>hash2</key>
			<data>
			svZT4Dh51Dk5IRjMnmvC7k7wfMQRwuywiv0raRXwWew=
			</data>
		</dict>
		<key>ProximaNovaCond-Semibold.otf</key>
		<dict>
			<key>hash</key>
			<data>
			IakwdifBsq5KKWExB7V1jPO6tg8=
			</data>
			<key>hash2</key>
			<data>
			BKpYPb2muOuuk73e7FeXYpoTQ3PH/WA+svNWGXUO/EI=
			</data>
		</dict>
		<key>ProximaNovaCond-SemiboldIt.otf</key>
		<dict>
			<key>hash</key>
			<data>
			FHo/UT7dyJLkvYBH09K2zNqSffw=
			</data>
			<key>hash2</key>
			<data>
			YD7KzQ++TEt9YRdlQk8RiFz27w53m+M6+htvm2ln5so=
			</data>
		</dict>
		<key>SimpleLineIcons.ttf</key>
		<dict>
			<key>hash</key>
			<data>
			n/uBpaEREuKS8swyPphIa61ZdZk=
			</data>
			<key>hash2</key>
			<data>
			P1Ad2wXHCCm7tRz+nKn/9X854GBFfCV7PM8l33Z/CHA=
			</data>
		</dict>
		<key>Zocial.ttf</key>
		<dict>
			<key>hash</key>
			<data>
			C9pZx7zT05J94EfgkYdaRCi/0as=
			</data>
			<key>hash2</key>
			<data>
			17EKHr4YMOWi8I9JA7moDiwZEsDdL3O5P88r+DIhZgI=
			</data>
		</dict>
		<key>main.jsbundle</key>
		<dict>
			<key>hash</key>
			<data>
			3FRCFvjoji6PZJ8MLOi47VekChg=
			</data>
			<key>hash2</key>
			<data>
			0mP3EIPAYIp0ROU/cGObq/SjMQ4WeHkGeTJCOM0shUE=
			</data>
		</dict>
	</dict>
	<key>rules</key>
	<dict>
		<key>^.*</key>
		<true/>
		<key>^.*\.lproj/</key>
		<dict>
			<key>optional</key>
			<true/>
			<key>weight</key>
			<real>1000</real>
		</dict>
		<key>^.*\.lproj/locversion.plist$</key>
		<dict>
			<key>omit</key>
			<true/>
			<key>weight</key>
			<real>1100</real>
		</dict>
		<key>^Base\.lproj/</key>
		<dict>
			<key>weight</key>
			<real>1010</real>
		</dict>
		<key>^version.plist$</key>
		<true/>
	</dict>
	<key>rules2</key>
	<dict>
		<key>.*\.dSYM($|/)</key>
		<dict>
			<key>weight</key>
			<real>11</real>
		</dict>
		<key>^(.*/)?\.DS_Store$</key>
		<dict>
			<key>omit</key>
			<true/>
			<key>weight</key>
			<real>2000</real>
		</dict>
		<key>^.*</key>
		<true/>
		<key>^.*\.lproj/</key>
		<dict>
			<key>optional</key>
			<true/>
			<key>weight</key>
			<real>1000</real>
		</dict>
		<key>^.*\.lproj/locversion.plist$</key>
		<dict>
			<key>omit</key>
			<true/>
			<key>weight</key>
			<real>1100</real>
		</dict>
		<key>^Base\.lproj/</key>
		<dict>
			<key>weight</key>
			<real>1010</real>
		</dict>
		<key>^Info\.plist$</key>
		<dict>
			<key>omit</key>
			<true/>
			<key>weight</key>
			<real>20</real>
		</dict>
		<key>^PkgInfo$</key>
		<dict>
			<key>omit</key>
			<true/>
			<key>weight</key>
			<real>20</real>
		</dict>
		<key>^embedded\.provisionprofile$</key>
		<dict>
			<key>weight</key>
			<real>20</real>
		</dict>
		<key>^version\.plist$</key>
		<dict>
			<key>weight</key>
			<real>20</real>
		</dict>
	</dict>
</dict>
</plist>
