<?xml version="1.0" encoding="UTF-8"?>
<!DOCTYPE plist PUBLIC "-//Apple//DTD PLIST 1.0//EN" "http://www.apple.com/DTDs/PropertyList-1.0.dtd">
<plist version="1.0">
<dict>
	<key>files</key>
	<dict>
		<key>Headers/XCAbstractTest.h</key>
		<data>
		4jnRu9kM4nMP+Xh3ikwmHuBDxsI=
		</data>
		<key>Headers/XCTActivity.h</key>
		<data>
		BVKd+CuVL/fMWVnojVTY7BZiXkc=
		</data>
		<key>Headers/XCTAttachment.h</key>
		<data>
		Oj+TPGqNugq6OdGTXp+pv8RABrw=
		</data>
		<key>Headers/XCTAttachmentLifetime.h</key>
		<data>
		uBkx/rPKjZiieZXjaYSrZHfYrQc=
		</data>
		<key>Headers/XCTContext.h</key>
		<data>
		S2c/fkq5xnjLgsMY3mNIE7jPMFE=
		</data>
		<key>Headers/XCTDarwinNotificationExpectation.h</key>
		<data>
		xgLoekZTNR/Co8filS6uLNYJf/E=
		</data>
		<key>Headers/XCTKVOExpectation.h</key>
		<data>
		lFyxpAOexy4I0FeOWpffoTT8it0=
		</data>
		<key>Headers/XCTMeasureOptions.h</key>
		<data>
		ibArYCN2zdKhgx+eBgBCBNDAXwk=
		</data>
		<key>Headers/XCTMetric.h</key>
		<data>
		0ajIZMxTB6Ui2i7sW317ciFSITk=
		</data>
		<key>Headers/XCTNSNotificationExpectation.h</key>
		<data>
		GgPD0VxAR13kxU718XyIoANRFnI=
		</data>
		<key>Headers/XCTNSPredicateExpectation.h</key>
		<data>
		aSEO1rwf6zy0Du3+eCT33nba5NQ=
		</data>
		<key>Headers/XCTWaiter.h</key>
		<data>
		3xRcrUqW54PHl7VXGv1RNSfgZAg=
		</data>
		<key>Headers/XCTest.apinotes</key>
		<data>
		rdxiCOk1+8LS5qAXN2bvobJDFFQ=
		</data>
		<key>Headers/XCTest.h</key>
		<data>
		bQFfKucFGBSbvIYCB0BZ5s/oxjc=
		</data>
		<key>Headers/XCTestAssertions.h</key>
		<data>
		TFhruscn++ANKgidq0O8+oRGZg0=
		</data>
		<key>Headers/XCTestAssertionsImpl.h</key>
		<data>
		T99AMAYulUY/rC8Jm3f2wue/NwQ=
		</data>
		<key>Headers/XCTestCase+AsynchronousTesting.h</key>
		<data>
		rWTz3GJooC6B9F2UuPe8rraZ3co=
		</data>
		<key>Headers/XCTestCase+XCUIInterruptionMonitoring.h</key>
		<data>
		HshK97GInp8BY09Lz+IOOiSjMLw=
		</data>
		<key>Headers/XCTestCase.h</key>
		<data>
		cMytFl3o1iFwLUyeTTEODEj9URQ=
		</data>
		<key>Headers/XCTestCaseRun.h</key>
		<data>
		/XUqDHA/BFdQDUxQU8Ft5LXo/Ps=
		</data>
		<key>Headers/XCTestDefines.h</key>
		<data>
		Am3+DsqkiGWVQdMxbvP+PnX1GEc=
		</data>
		<key>Headers/XCTestErrors.h</key>
		<data>
		BnBscwpH851RQwavB0TR1R+NFGk=
		</data>
		<key>Headers/XCTestExpectation.h</key>
		<data>
		KhXKWvul02bgmcJVo8Ndr6k6XGc=
		</data>
		<key>Headers/XCTestLog.h</key>
		<data>
		9BU/gwbaKcfn2L9dfo2dHRFN6Bc=
		</data>
		<key>Headers/XCTestObservation.h</key>
		<data>
		eYPPds+/sIm1g8tzzWEi74ngT8s=
		</data>
		<key>Headers/XCTestObservationCenter.h</key>
		<data>
		5ySsNYFGF0ZFvLZnL7UTg1HNRR4=
		</data>
		<key>Headers/XCTestObserver.h</key>
		<data>
		DV3Cjdd1CAe6nYFEzmUrCtnzxQg=
		</data>
		<key>Headers/XCTestProbe.h</key>
		<data>
		fIVR0xRsxMAabrJmeGX3hPDwL0Y=
		</data>
		<key>Headers/XCTestRun.h</key>
		<data>
		7GVNxTeghh0aBxY/Gvb+j2VTkqQ=
		</data>
		<key>Headers/XCTestSuite.h</key>
		<data>
		eRc+OVrMoZSKfP/hWkP9044Xkwo=
		</data>
		<key>Headers/XCTestSuiteRun.h</key>
		<data>
		OX+g52bOAnhjLVDKkweTKM8jTHQ=
		</data>
		<key>Headers/XCUIApplication.h</key>
		<data>
		KRfS5tDZSII6EIDyPAL3+83RDuE=
		</data>
		<key>Headers/XCUICoordinate.h</key>
		<data>
		KH9oPuVEvERZxuUq0MRGlJmp92I=
		</data>
		<key>Headers/XCUIDevice.h</key>
		<data>
		U+d9WpjjRCjLiLvCZfzVvHgwSac=
		</data>
		<key>Headers/XCUIElement.h</key>
		<data>
		kik/CdE89CdCkfNcElgLOL/fEfY=
		</data>
		<key>Headers/XCUIElementAttributes.h</key>
		<data>
		8ihGn99tX4C4PPRNW4qUqlS9tBo=
		</data>
		<key>Headers/XCUIElementQuery.h</key>
		<data>
		C3ZXTnkZIFu38bImb5YnKX8ME3s=
		</data>
		<key>Headers/XCUIElementTypeQueryProvider.h</key>
		<data>
		eNC8SZmVLap2/0pE8MEIXg23K5k=
		</data>
		<key>Headers/XCUIElementTypes.h</key>
		<data>
		rS+FtIJ/fnc0UIdAg5Fupx0KuVc=
		</data>
		<key>Headers/XCUIKeyboardKeys.h</key>
		<data>
		iM5NitaH7AFOmYTcSm86X0OTpSw=
		</data>
		<key>Headers/XCUIRemote.h</key>
		<data>
		mL0ValPqxcHHQ2g5GKFehud+hmg=
		</data>
		<key>Headers/XCUIScreen.h</key>
		<data>
		DBqshlCvI4VeOu1t7slE1L12Akw=
		</data>
		<key>Headers/XCUIScreenshot.h</key>
		<data>
		WRAFpS5fsJOjpa68uJDYY7QcwzQ=
		</data>
		<key>Headers/XCUIScreenshotProviding.h</key>
		<data>
		qghz8l697gauRG1WZGkXCsisS40=
		</data>
		<key>Headers/XCUISiriService.h</key>
		<data>
		dHcrL5GzEWnfAVIIdfMRtkHKRh8=
		</data>
		<key>Info.plist</key>
		<data>
		MkLBcTrGZP0m49TO8MT9Kpg2XvA=
		</data>
		<key>Modules/module.modulemap</key>
		<data>
		ha0qqLvU0UdkLu07qH5tE4agQV4=
		</data>
		<key>en.lproj/InfoPlist.strings</key>
		<dict>
			<key>hash</key>
			<data>
			TuBj57ZP6zBqcL9HttO2Rucaw9E=
			</data>
			<key>optional</key>
			<true/>
		</dict>
		<key>version.plist</key>
		<data>
		cX36RXdDl3EMAMV0lOhi0RGEkTc=
		</data>
	</dict>
	<key>files2</key>
	<dict>
		<key>Headers/XCAbstractTest.h</key>
		<dict>
			<key>hash</key>
			<data>
			4jnRu9kM4nMP+Xh3ikwmHuBDxsI=
			</data>
			<key>hash2</key>
			<data>
			IFgW59C1Ktqp4LtLT30sw91amGbNOGweE+JfCOD3+Zg=
			</data>
		</dict>
		<key>Headers/XCTActivity.h</key>
		<dict>
			<key>hash</key>
			<data>
			BVKd+CuVL/fMWVnojVTY7BZiXkc=
			</data>
			<key>hash2</key>
			<data>
			rRcgcNhfkv8++PLGoc2+V7RKA+20od2gktcAZnNphso=
			</data>
		</dict>
		<key>Headers/XCTAttachment.h</key>
		<dict>
			<key>hash</key>
			<data>
			Oj+TPGqNugq6OdGTXp+pv8RABrw=
			</data>
			<key>hash2</key>
			<data>
			sPKuJRf7076bHZkdcyw9yIODM7cLQgzwVepIaxfKcwg=
			</data>
		</dict>
		<key>Headers/XCTAttachmentLifetime.h</key>
		<dict>
			<key>hash</key>
			<data>
			uBkx/rPKjZiieZXjaYSrZHfYrQc=
			</data>
			<key>hash2</key>
			<data>
			yrLG05PHjYkx013jrhQuHeuuP2sz3+LqbAIRN/0Mqc4=
			</data>
		</dict>
		<key>Headers/XCTContext.h</key>
		<dict>
			<key>hash</key>
			<data>
			S2c/fkq5xnjLgsMY3mNIE7jPMFE=
			</data>
			<key>hash2</key>
			<data>
			aKMqn4OBmb2Fg3/8sTMLXW2eHWiyWP3bQkSzTnvrwmQ=
			</data>
		</dict>
		<key>Headers/XCTDarwinNotificationExpectation.h</key>
		<dict>
			<key>hash</key>
			<data>
			xgLoekZTNR/Co8filS6uLNYJf/E=
			</data>
			<key>hash2</key>
			<data>
			WWhQiD61KIzmH4HGY0m0DL81cWWNlj8/UbmObbMosCo=
			</data>
		</dict>
		<key>Headers/XCTKVOExpectation.h</key>
		<dict>
			<key>hash</key>
			<data>
			lFyxpAOexy4I0FeOWpffoTT8it0=
			</data>
			<key>hash2</key>
			<data>
			0LwmSqNDabujMjFkD4VsuBrVvpDiagCmMT7+TrOMQJ8=
			</data>
		</dict>
		<key>Headers/XCTMeasureOptions.h</key>
		<dict>
			<key>hash</key>
			<data>
			ibArYCN2zdKhgx+eBgBCBNDAXwk=
			</data>
			<key>hash2</key>
			<data>
			KDHwa5eBjk9vZzDnpRNyoTiLMHC+9NfBU2oMFJTvlmQ=
			</data>
		</dict>
		<key>Headers/XCTMetric.h</key>
		<dict>
			<key>hash</key>
			<data>
			0ajIZMxTB6Ui2i7sW317ciFSITk=
			</data>
			<key>hash2</key>
			<data>
			ohpVoJzlGk8aW+Bm+UIJpMN7QLu7ZRCzMw9yK/vngRg=
			</data>
		</dict>
		<key>Headers/XCTNSNotificationExpectation.h</key>
		<dict>
			<key>hash</key>
			<data>
			GgPD0VxAR13kxU718XyIoANRFnI=
			</data>
			<key>hash2</key>
			<data>
			VXvwBWOD16+KFCowURMEv0kaNQr2vnqCACoYDoCXge4=
			</data>
		</dict>
		<key>Headers/XCTNSPredicateExpectation.h</key>
		<dict>
			<key>hash</key>
			<data>
			aSEO1rwf6zy0Du3+eCT33nba5NQ=
			</data>
			<key>hash2</key>
			<data>
			ks1YzdiBYJW2038936fbKLaf/Ib1fAhJioMzCA6WxWg=
			</data>
		</dict>
		<key>Headers/XCTWaiter.h</key>
		<dict>
			<key>hash</key>
			<data>
			3xRcrUqW54PHl7VXGv1RNSfgZAg=
			</data>
			<key>hash2</key>
			<data>
			mA5vx6/QQ25gHCNLjo9Y0eX1khy7s52IB7yacIGlrNk=
			</data>
		</dict>
		<key>Headers/XCTest.apinotes</key>
		<dict>
			<key>hash</key>
			<data>
			rdxiCOk1+8LS5qAXN2bvobJDFFQ=
			</data>
			<key>hash2</key>
			<data>
			d7IpqGCCD0CfwYoa51brylY4fgu3M72FcmaoEnvUdsw=
			</data>
		</dict>
		<key>Headers/XCTest.h</key>
		<dict>
			<key>hash</key>
			<data>
			bQFfKucFGBSbvIYCB0BZ5s/oxjc=
			</data>
			<key>hash2</key>
			<data>
			lsupTQ3bRsQoIE7MDToK4j69d+bLEn28IJlqk78FmQY=
			</data>
		</dict>
		<key>Headers/XCTestAssertions.h</key>
		<dict>
			<key>hash</key>
			<data>
			TFhruscn++ANKgidq0O8+oRGZg0=
			</data>
			<key>hash2</key>
			<data>
			HNwN4r4tVDYAyxvEdGWpbCOzE9tjFMwivSpf/OMiSA0=
			</data>
		</dict>
		<key>Headers/XCTestAssertionsImpl.h</key>
		<dict>
			<key>hash</key>
			<data>
			T99AMAYulUY/rC8Jm3f2wue/NwQ=
			</data>
			<key>hash2</key>
			<data>
			zNlx0hWK8x8UjUS+KOfeHvvervr/BWjBpV+5mJipE14=
			</data>
		</dict>
		<key>Headers/XCTestCase+AsynchronousTesting.h</key>
		<dict>
			<key>hash</key>
			<data>
			rWTz3GJooC6B9F2UuPe8rraZ3co=
			</data>
			<key>hash2</key>
			<data>
			tJGZbkx6PTinAC1utC38ad/hNBMIojawFdNt3abKvKE=
			</data>
		</dict>
		<key>Headers/XCTestCase+XCUIInterruptionMonitoring.h</key>
		<dict>
			<key>hash</key>
			<data>
			HshK97GInp8BY09Lz+IOOiSjMLw=
			</data>
			<key>hash2</key>
			<data>
			bQ07uLDQQVxFhGMZVX2mEVx0PcELxAp83yWtTivdhY4=
			</data>
		</dict>
		<key>Headers/XCTestCase.h</key>
		<dict>
			<key>hash</key>
			<data>
			cMytFl3o1iFwLUyeTTEODEj9URQ=
			</data>
			<key>hash2</key>
			<data>
			yswC/H8HQQONXgDwc7kA0veuoTP0vr9nKShnoBPShXg=
			</data>
		</dict>
		<key>Headers/XCTestCaseRun.h</key>
		<dict>
			<key>hash</key>
			<data>
			/XUqDHA/BFdQDUxQU8Ft5LXo/Ps=
			</data>
			<key>hash2</key>
			<data>
			jEzXeXeFAbT7xbfbqjlf4yF+lZvOKKw9u0dhT8Lzpe4=
			</data>
		</dict>
		<key>Headers/XCTestDefines.h</key>
		<dict>
			<key>hash</key>
			<data>
			Am3+DsqkiGWVQdMxbvP+PnX1GEc=
			</data>
			<key>hash2</key>
			<data>
			zuT+9hJS0Gkek0vsBM0QbHA2iRIwxHkAVlflT6Dl5Cs=
			</data>
		</dict>
		<key>Headers/XCTestErrors.h</key>
		<dict>
			<key>hash</key>
			<data>
			BnBscwpH851RQwavB0TR1R+NFGk=
			</data>
			<key>hash2</key>
			<data>
			vY/UAdXlAJaUKG1L3k0Tji8c7J/L2vAGoidgKK/87+o=
			</data>
		</dict>
		<key>Headers/XCTestExpectation.h</key>
		<dict>
			<key>hash</key>
			<data>
			KhXKWvul02bgmcJVo8Ndr6k6XGc=
			</data>
			<key>hash2</key>
			<data>
			mAYhxq+bEQg5FJhqAi4Cub/7+mMl0pLWISlW4pdh3p0=
			</data>
		</dict>
		<key>Headers/XCTestLog.h</key>
		<dict>
			<key>hash</key>
			<data>
			9BU/gwbaKcfn2L9dfo2dHRFN6Bc=
			</data>
			<key>hash2</key>
			<data>
			Tu+6JYZZzftcXmUWH11IO9/jXCXi6QPeWDrL6izup6s=
			</data>
		</dict>
		<key>Headers/XCTestObservation.h</key>
		<dict>
			<key>hash</key>
			<data>
			eYPPds+/sIm1g8tzzWEi74ngT8s=
			</data>
			<key>hash2</key>
			<data>
			DlaZPljnXduHBIxVFsQHWivHsQV6+QqtkPm3wqcNC9c=
			</data>
		</dict>
		<key>Headers/XCTestObservationCenter.h</key>
		<dict>
			<key>hash</key>
			<data>
			5ySsNYFGF0ZFvLZnL7UTg1HNRR4=
			</data>
			<key>hash2</key>
			<data>
			d+hY4S23zmWO8E2YIrh4biGe9oQWCfD497a+oVk2+yY=
			</data>
		</dict>
		<key>Headers/XCTestObserver.h</key>
		<dict>
			<key>hash</key>
			<data>
			DV3Cjdd1CAe6nYFEzmUrCtnzxQg=
			</data>
			<key>hash2</key>
			<data>
			7CTdhCJbuEzQNSyp3exgcCn6JnIRjBwpUcOKmiddBtU=
			</data>
		</dict>
		<key>Headers/XCTestProbe.h</key>
		<dict>
			<key>hash</key>
			<data>
			fIVR0xRsxMAabrJmeGX3hPDwL0Y=
			</data>
			<key>hash2</key>
			<data>
			FKXb32Ennc+6f3SkuVdo8bBNcIIWwryV5u5FmQYN8Fc=
			</data>
		</dict>
		<key>Headers/XCTestRun.h</key>
		<dict>
			<key>hash</key>
			<data>
			7GVNxTeghh0aBxY/Gvb+j2VTkqQ=
			</data>
			<key>hash2</key>
			<data>
			bSeEEos9toHX4ZeMGeRYdv1KXdCziExa2r95Y6Qcem8=
			</data>
		</dict>
		<key>Headers/XCTestSuite.h</key>
		<dict>
			<key>hash</key>
			<data>
			eRc+OVrMoZSKfP/hWkP9044Xkwo=
			</data>
			<key>hash2</key>
			<data>
			L7lrx0/vT/6C441YiHqyBo8c41P7nh8AVfj2Ju9MWF0=
			</data>
		</dict>
		<key>Headers/XCTestSuiteRun.h</key>
		<dict>
			<key>hash</key>
			<data>
			OX+g52bOAnhjLVDKkweTKM8jTHQ=
			</data>
			<key>hash2</key>
			<data>
			QDxhlFfxAJEcudV29W9M96FJW5LQiR0yqdUHzkjMuA0=
			</data>
		</dict>
		<key>Headers/XCUIApplication.h</key>
		<dict>
			<key>hash</key>
			<data>
			KRfS5tDZSII6EIDyPAL3+83RDuE=
			</data>
			<key>hash2</key>
			<data>
			ZcQ8tkNuRMWSj71jyx56Uc/drEs5EQzV/1jFn/fCc8E=
			</data>
		</dict>
		<key>Headers/XCUICoordinate.h</key>
		<dict>
			<key>hash</key>
			<data>
			KH9oPuVEvERZxuUq0MRGlJmp92I=
			</data>
			<key>hash2</key>
			<data>
			+0+WTr805cIzOsY72c8KSuWA6SUFtagukcxOv0ili5g=
			</data>
		</dict>
		<key>Headers/XCUIDevice.h</key>
		<dict>
			<key>hash</key>
			<data>
			U+d9WpjjRCjLiLvCZfzVvHgwSac=
			</data>
			<key>hash2</key>
			<data>
			VW3IwP1TYREPNB2r2kMjYcDRy4pIEIanLPXa2Q6103I=
			</data>
		</dict>
		<key>Headers/XCUIElement.h</key>
		<dict>
			<key>hash</key>
			<data>
			kik/CdE89CdCkfNcElgLOL/fEfY=
			</data>
			<key>hash2</key>
			<data>
			Fy65/sTJUEiV0ngzbtJLFKs9c0kPw/E9TxgozUurqbM=
			</data>
		</dict>
		<key>Headers/XCUIElementAttributes.h</key>
		<dict>
			<key>hash</key>
			<data>
			8ihGn99tX4C4PPRNW4qUqlS9tBo=
			</data>
			<key>hash2</key>
			<data>
			/RERxiLo8BzHBf5biK7xsVJnDB73TOHeOH72FBuhMTo=
			</data>
		</dict>
		<key>Headers/XCUIElementQuery.h</key>
		<dict>
			<key>hash</key>
			<data>
			C3ZXTnkZIFu38bImb5YnKX8ME3s=
			</data>
			<key>hash2</key>
			<data>
			LF3E68WtedEEM/IFD3q/tOZ3q0JtUQQhOK4XkamNjNM=
			</data>
		</dict>
		<key>Headers/XCUIElementTypeQueryProvider.h</key>
		<dict>
			<key>hash</key>
			<data>
			eNC8SZmVLap2/0pE8MEIXg23K5k=
			</data>
			<key>hash2</key>
			<data>
			TkdeCwm9pHYslVsfOQREYI9bFdf4Uli/p8MK/GYWfoY=
			</data>
		</dict>
		<key>Headers/XCUIElementTypes.h</key>
		<dict>
			<key>hash</key>
			<data>
			rS+FtIJ/fnc0UIdAg5Fupx0KuVc=
			</data>
			<key>hash2</key>
			<data>
			PUsaHf1pPvtkPng1Gk8jnyBg64It8wcfcNQK5lbNMs4=
			</data>
		</dict>
		<key>Headers/XCUIKeyboardKeys.h</key>
		<dict>
			<key>hash</key>
			<data>
			iM5NitaH7AFOmYTcSm86X0OTpSw=
			</data>
			<key>hash2</key>
			<data>
			MbFj4xHxsP2eF3L+IKG6cETqjvOpZFLq0ztIDCdeyt8=
			</data>
		</dict>
		<key>Headers/XCUIRemote.h</key>
		<dict>
			<key>hash</key>
			<data>
			mL0ValPqxcHHQ2g5GKFehud+hmg=
			</data>
			<key>hash2</key>
			<data>
			ybx2NetsmHdACotRXmQIih0R1cU6EFEkgC4E82ttsQ4=
			</data>
		</dict>
		<key>Headers/XCUIScreen.h</key>
		<dict>
			<key>hash</key>
			<data>
			DBqshlCvI4VeOu1t7slE1L12Akw=
			</data>
			<key>hash2</key>
			<data>
			45JwTQ4UtWVT2wvzdq2QOl8rBZ9Wxq9ubBB2vGvgBKc=
			</data>
		</dict>
		<key>Headers/XCUIScreenshot.h</key>
		<dict>
			<key>hash</key>
			<data>
			WRAFpS5fsJOjpa68uJDYY7QcwzQ=
			</data>
			<key>hash2</key>
			<data>
			F2tCZijPx0hU+7CIdW0fMZK4cwKbgFYiI9LKYINt5sU=
			</data>
		</dict>
		<key>Headers/XCUIScreenshotProviding.h</key>
		<dict>
			<key>hash</key>
			<data>
			qghz8l697gauRG1WZGkXCsisS40=
			</data>
			<key>hash2</key>
			<data>
			s35VI6Lzy6LUDsIoANQTenLSsJeaPXvonWElqk8cJbM=
			</data>
		</dict>
		<key>Headers/XCUISiriService.h</key>
		<dict>
			<key>hash</key>
			<data>
			dHcrL5GzEWnfAVIIdfMRtkHKRh8=
			</data>
			<key>hash2</key>
			<data>
			3sM9IB3tMtnQkwtK6ml+Cyc98wfQkjwaoA/cdI7i500=
			</data>
		</dict>
		<key>Modules/module.modulemap</key>
		<dict>
			<key>hash</key>
			<data>
			ha0qqLvU0UdkLu07qH5tE4agQV4=
			</data>
			<key>hash2</key>
			<data>
			w5Zd8voFpYyDVfx4t9/bCAZAs1kTrhmGSzTXQMiBd/c=
			</data>
		</dict>
		<key>en.lproj/InfoPlist.strings</key>
		<dict>
			<key>hash</key>
			<data>
			TuBj57ZP6zBqcL9HttO2Rucaw9E=
			</data>
			<key>hash2</key>
			<data>
			89RGkjZaKuewYnjpzwhIswhqfrU8+pcEXqM/DHVrUmo=
			</data>
			<key>optional</key>
			<true/>
		</dict>
		<key>version.plist</key>
		<dict>
			<key>hash</key>
			<data>
			cX36RXdDl3EMAMV0lOhi0RGEkTc=
			</data>
			<key>hash2</key>
			<data>
			LJGBUe6yDOXNn8XrkeMKS8lRIc3fsgjTGuMvwbVbIMg=
			</data>
		</dict>
	</dict>
	<key>rules</key>
	<dict>
		<key>^.*</key>
		<true/>
		<key>^.*\.lproj/</key>
		<dict>
			<key>optional</key>
			<true/>
			<key>weight</key>
			<real>1000</real>
		</dict>
		<key>^.*\.lproj/locversion.plist$</key>
		<dict>
			<key>omit</key>
			<true/>
			<key>weight</key>
			<real>1100</real>
		</dict>
		<key>^Base\.lproj/</key>
		<dict>
			<key>weight</key>
			<real>1010</real>
		</dict>
		<key>^version.plist$</key>
		<true/>
	</dict>
	<key>rules2</key>
	<dict>
		<key>.*\.dSYM($|/)</key>
		<dict>
			<key>weight</key>
			<real>11</real>
		</dict>
		<key>^(.*/)?\.DS_Store$</key>
		<dict>
			<key>omit</key>
			<true/>
			<key>weight</key>
			<real>2000</real>
		</dict>
		<key>^.*</key>
		<true/>
		<key>^.*\.lproj/</key>
		<dict>
			<key>optional</key>
			<true/>
			<key>weight</key>
			<real>1000</real>
		</dict>
		<key>^.*\.lproj/locversion.plist$</key>
		<dict>
			<key>omit</key>
			<true/>
			<key>weight</key>
			<real>1100</real>
		</dict>
		<key>^Base\.lproj/</key>
		<dict>
			<key>weight</key>
			<real>1010</real>
		</dict>
		<key>^Info\.plist$</key>
		<dict>
			<key>omit</key>
			<true/>
			<key>weight</key>
			<real>20</real>
		</dict>
		<key>^PkgInfo$</key>
		<dict>
			<key>omit</key>
			<true/>
			<key>weight</key>
			<real>20</real>
		</dict>
		<key>^embedded\.provisionprofile$</key>
		<dict>
			<key>weight</key>
			<real>20</real>
		</dict>
		<key>^version\.plist$</key>
		<dict>
			<key>weight</key>
			<real>20</real>
		</dict>
	</dict>
</dict>
</plist>
